<beast version='2.0'
       namespace='beast.core:beast.math.distributions:beast.core.parameter:beast.core.util
                 :beast.evolution.alignment
                 :beast.evolution.tree
                 :beast.evolution.tree.coalescent'>

    <run spec="coupledmcmc.CoupledMCMC" numberOfChains="100000" outputFile="outfile.txt">

        <x spec="RealParameter" id="x" value="1.0"/>
        <!-- <x spec="RealParameter" id="popSize" value="1.0"/> -->

        <distribution spec="Coalescent">
            <treeIntervals spec="TreeIntervals">
                <!--tree spec="RandomTree">
                    <taxa spec="Alignment">
                        <sequence spec="Sequence" taxon="t1" value="?"/>
                        <sequence spec="Sequence" taxon="t2" value="?"/>
                        <sequence spec="Sequence" taxon="t3" value="?"/>
                        <sequence spec="Sequence" taxon="t4" value="?"/>
                        <sequence spec="Sequence" taxon="t5" value="?"/>
                    </taxa>
                    <populationModel spec="ConstantPopulation">
                        <popSize spec="RealParameter" value="1.0"/>
                    </populationModel>
                </tree-->
                <tree spec="beast.util.TreeParser"
                      newick="(((4:0.10885038437390822,3:0.10885038437390822)5:0.32348458631065136,1:0.43233497068455956)6:0.1956435093220566,(0:0.5339384215104813,2:0.5339384215104813)7:0.09404005849613484)8:0.0;"
                      adjustTipHeights="false"
                      IsLabelledNewick="true"/>
            </treeIntervals>
            <populationModel spec="ConstantPopulation">
                <popSize idref="x"/>
            </populationModel>
        </distribution>


        <!--
        <distribution spec="CompoundDistribution">
            <distribution spec="Coalescent">
                <treeIntervals spec="TreeIntervals" tree="@tree"/>
            </distribution>
            <distribution spec="Prior" x="@popSize">
                <distr spec="Uniform"/>
            </distribution>
        </distribution>
        -->

    </run>

</beast>