<beast version='2.0'
       namespace='beast.core
                  :beast.evolution.tree.coalescent
                  :beast.core.util
                  :beast.core.parameter
                  :beast.math.distributions
                  :beast.evolution.nuc
                  :beast.evolution.operators
                  :beast.evolution.sitemodel
                  :beast.evolution.substitutionmodel
                  :beast.evolution.likelihood'>


    <input spec="feast.fileio.TreeFromNexusFile" id="tree" fileName="summary.tree"
           IsLabelledNewick="true"/>

    <run spec="coupledmcmc.CoupledMCMC2D" numberOfChains="10000" outputFile="$(filebase).output">

        <x spec="RealParameter" id='popSizes' dimension="2" value="1.0 1.0"/>

        <distribution spec="CompoundDistribution" id="posterior">
            <distribution id="coalescent" spec="Coalescent">
                <treeIntervals spec='TreeIntervals' id='TreeIntervals'>
                     <tree idref="tree"/>
                </treeIntervals>
                <populationModel spec="bacter.model.pop.PiecewisePopulationFunction">
                    <popSizes idref="popSizes"/>
                    <changeTimes spec="RealParameter" value="50.0"/>
                </populationModel>
            </distribution>
            <distribution id="popSizePriors" spec="Prior" x="@popSizes">
              <distr spec="OneOnX"/>
            </distribution>
        </distribution>

    </run>

</beast>
