<beast version='2.0'
       namespace='beast.core
                  :beast.evolution.tree.coalescent
                  :beast.core.util
                  :beast.core.parameter
                  :beast.math.distributions
                  :beast.evolution.nuc
                  :beast.evolution.operators
                  :beast.evolution.sitemodel
                  :beast.evolution.substitutionmodel
                  :beast.evolution.likelihood'>


    <input spec="feast.fileio.TreeFromNexusFile" id="tree" fileName="summary.tree"
           IsLabelledNewick="true"/>

    <input spec='beast.core.parameter.RealParameter' id="popSizes">1.0 1.0</input>


    <run spec="MCMC" id="mcmc" chainLength="1000000">
        <state>
            <input name='stateNode' idref='popSizes'/>
        </state>

        <distribution spec="CompoundDistribution" id="posterior">
            <distribution id="coalescent" spec="Coalescent">
                <treeIntervals spec='TreeIntervals' id='TreeIntervals'>
                     <tree idref="tree"/>
                </treeIntervals>
                <populationModel spec="bacter.model.pop.PiecewisePopulationFunction">
                    <popSizes idref="popSizes"/>
                    <changeTimes spec="RealParameter" value="50.0"/>
                </populationModel>
            </distribution>
            <distribution id="popSizePriors" spec="Prior" x="@popSizes">
              <distr spec="OneOnX"/>
            </distribution>
        </distribution>

        <operator id='popSizeScaler' spec='ScaleOperator' scaleFactor="0.5" weight="1">
            <parameter idref="popSizes"/>
        </operator>

        <logger logEvery="10000">
          <log idref="posterior"/>
          <log idref="coalescent"/>
          <log idref="popSizes"/>
        </logger>

        <logger logEvery="1000" fileName="$(filebase).log">
          <log idref="posterior"/>
          <log idref="coalescent"/>
          <log idref="popSizes"/>
        </logger>
    </run>

</beast>
