<beast version='2.0'
       namespace='beast.core:beast.evolution.tree.coalescent:beast.core.util:beast.evolution.nuc:beast.evolution.operators:beast.evolution.sitemodel:beast.evolution.substitutionmodel:beast.evolution.likelihood'>

    <input spec='beast.core.parameter.RealParameter' id="popSize">1.0</input>


    <run spec="MCMC" id="mcmc" chainLength="10000000"> <!--autoOptimize="true"-->
        <state>
            <input name='stateNode' idref='popSize'/>
        </state>

        <distribution spec="CompoundDistribution" id="posterior">
            <distribution id="coalescent" spec="Coalescent">
                <treeIntervals spec='TreeIntervals' id='TreeIntervals'>
                    <tree spec="beast.util.TreeParser"
                          newick="(((4:0.10885038437390822,3:0.10885038437390822)5:0.32348458631065136,1:0.43233497068455956)6:0.1956435093220566,(0:0.5339384215104813,2:0.5339384215104813)7:0.09404005849613484)8:0.0;"
                          adjustTipHeights="false"
                          IsLabelledNewick="true"/>
                </treeIntervals>
                <populationModel spec="ConstantPopulation" id='ConstantPopulation'>
                    <parameter name="popSize" idref="popSize"/>
                </populationModel>
            </distribution>
        </distribution>

        <operator id='popSizeScaler' spec='ScaleOperator' scaleFactor="0.5" weight="1">
            <parameter idref="popSize"/>
        </operator>

        <logger logEvery="1000" fileName="$(filebase).log">
            <log idref="popSize"/>
        </logger>

        <logger logEvery="100000">
            <log idref="popSize"/>
        </logger>
    </run>

</beast>
